title;company;location;summary
Software Development Engineer II;N/A;N/A;N/A
Software Engineer II, Backend (Ledger Engineering);N/A;N/A;N/A
Staff Software Engineer, Customer Obsession;N/A;N/A;N/A
Frontend Engineer;N/A;N/A;N/A
Software Engineer, Simulation, Tesla Bot;N/A;N/A;N/A
Software Engineer II, Full Stack (Capital Orchestration);N/A;N/A;N/A
Software Engineer;N/A;N/A;N/A
Software Engineering SMTS;N/A;N/A;N/A
Software Engineering AMTS;N/A;N/A;N/A
Software Engineer 1 - Machine Learning;N/A;N/A;N/A
Software Engineer I;N/A;N/A;N/A
Software Engineer;N/A;N/A;N/A
Software Engineer, Observability (Backend);N/A;N/A;N/A
Software Development Engineer;N/A;N/A;N/A
Software Engineer;N/A;N/A;N/A
Software Engineer, Backend - Financial Products (Mid-Level or Higher);N/A;N/A;N/A
Software Development Engineer;N/A;N/A;N/A
Software Engineer - ML Platform;N/A;N/A;N/A
Staff Software Development Engineer in Testing;N/A;N/A;N/A
Software Engineer, Implementations (Austin Remote);N/A;N/A;N/A
Fullstack Software Engineer, JiraAlign;N/A;N/A;N/A
Software Engineer Co-Op (Summer 2025 Start) â€“ Construction & Engineering;N/A;N/A;N/A
Frontend Developer;N/A;N/A;N/A
Frontend Developer;N/A;N/A;N/A
Senior Software Engineer Fullstack / Frontend, DevX;N/A;N/A;N/A
Software Development Engineer;N/A;N/A;N/A
Software Engineer II, Backend - HRIS;N/A;N/A;N/A
Senior Software Engineer, Experiences;N/A;N/A;N/A
Software Engineer, Digital Products Engineering;N/A;N/A;N/A
Software Engineer, Weave - San Francisco (Hybrid);N/A;N/A;N/A
Software Engineer III, Payments;N/A;N/A;N/A
Senior Software Engineer - Prototyping;N/A;N/A;N/A
Software Engineer 3;N/A;N/A;N/A
Backend Typescript Developer;N/A;N/A;N/A
Principal Software Engineer, Platform Group;N/A;N/A;N/A
Software Engineer II, DevX;N/A;N/A;N/A
Software Engineer, Archiving & Data Services (Remote);N/A;N/A;N/A
Software Development Engineer, Amazon Music;N/A;N/A;N/A
Software Engineer (Multiple Levels) - Typescript;N/A;N/A;N/A
Software Engineer;N/A;N/A;N/A
Front-end Engineer;N/A;N/A;N/A
Software Engineer, Full-Stack;N/A;N/A;N/A
Software Engineer II;N/A;N/A;N/A
Sr. Software Engineer;N/A;N/A;N/A
Software Engineer, Implementations (SF Remote);N/A;N/A;N/A
FRONT END DEVELOPER JUNIOR;N/A;N/A;N/A
Software Engineer (F/H);N/A;N/A;N/A
Junior Software Engineer;N/A;N/A;N/A
Front-end Developer;N/A;N/A;N/A
Software Engineer;N/A;N/A;N/A
Java Software Engineer (Remote);N/A;N/A;N/A
Software Engineer C# / C++ aux AccÃ¨s MarchÃ©s;N/A;N/A;N/A
Software Engineer FullStack JAVA H/F - Groupe HARVEST;N/A;N/A;N/A
Staff Backend Software Engineer;N/A;N/A;N/A
Software Engineer for â€œSoftware Defined Vehicleâ€;N/A;N/A;N/A
Backend Developer M/F;N/A;N/A;N/A
STAGE - Software Engineer (H/F);N/A;N/A;N/A
Scientific Software Engineer - Python, API, Kafka - (F/H);N/A;N/A;N/A
Backend Software Engineer TypeScript (F/H);N/A;N/A;N/A
Software Engineer Intern;N/A;N/A;N/A
Python Software Engineer for GenAI/NLP project;N/A;N/A;N/A
90400/Application Developer Java Windows Nantes (IT) / Freelance;N/A;N/A;N/A
Software Engineer - Medical Imaging (Fullstack);N/A;N/A;N/A
Software engineer for AI in digital healthcare R&D;N/A;N/A;N/A
Software development engineer for causal machine learning;N/A;N/A;N/A
Back-end or Front-end Developer (Intern);N/A;N/A;N/A
Software Development Engineer;N/A;N/A;N/A
Technical Lead Software Engineer;N/A;N/A;N/A
Internship - Junior Software Developer;N/A;N/A;N/A
Digital Full Stack Developer;N/A;N/A;N/A
Software Engineer - Windows Kernel Sensors (Remote);N/A;N/A;N/A
Software Engineer Intern - Business Solutions;N/A;N/A;N/A
Full Stack Developer (H/F);N/A;N/A;N/A
Software Engineer - Backend Web/Cloud;N/A;N/A;N/A
Software Engineer JAVA pour O2S - H/F;N/A;N/A;N/A
Software Engineer - Generative AI;N/A;N/A;N/A
UI Developer, Image Playground;N/A;N/A;N/A
Backend Software Engineer TypeScript (F/H);N/A;N/A;N/A
STAGE - Software Engineer (H/F);N/A;N/A;N/A
Python Backend Developer;N/A;N/A;N/A
Software Engineer Intern (RUST & Python) - Ledger Enterprise Services (f/m);N/A;N/A;N/A
Python Developer;N/A;N/A;N/A
Software Engineer FullStack JAVA H/F - Groupe HARVEST;N/A;N/A;N/A
Developer/Data Analyst for Neuroimaging Databases;N/A;N/A;N/A
Software Engineer - GenAI Apps - Onsite or Remote (FR, NL, UK, DE);N/A;N/A;N/A
Full stack Developer;N/A;N/A;N/A
Software Engineer (Dev Ops) H/F/X;N/A;N/A;N/A
Software Engineer â€“ Data-Plane CDN Developer;N/A;N/A;N/A
Software Engineer â€“ Wordpress;N/A;N/A;N/A
